isotype,Control,Vaccinated,Unprotected
IGHA,0.003469963,0.013401404,0.016216216
IGHD,0.227716331,0.130185067,0.224864865
IGHE,0,0,0
IGHG,0.006289308,0.010848756,0.137297297
IGHM,0.762524398,0.845564773,0.621621622