paired_isotype,Control,Vaccinated,Unprotected
IGK + IGHA,0.2550429,1.2044162,1.6835017
IGK + IGHD,20.7280315,12.211442,20.7631874
IGK + IGHE,0,0,0
IGK + IGHG,0.5796429,1.0036802,13.6924804
IGK + IGHM,72.5249246,77.4841084,58.9225589
IGL + IGHA,0.0231857,0.133824,0
IGL + IGHD,1.0897287,0.5687521,1.5712682
IGL + IGHE,0,0,0
IGL + IGHG,0.0463714,0.066912,0.2244669
IGL + IGHM,4.7530721,7.3268652,3.1425365